[
    {
        "key": "group_5ff57dce4dc78",
        "title": "Demo Pages",
        "fields": [
            {
                "key": "field_5ff57dd516758",
                "label": "Demo Pages",
                "name": "demo_pages",
                "type": "flexible_content",
                "instructions": "",
                "required": 0,
                "conditional_logic": 0,
                "wrapper": {
                    "width": "",
                    "class": "",
                    "id": ""
                },
                "layouts": {
                    "5ff57ddcc410b": {
                        "key": "5ff57ddcc410b",
                        "name": "section_1",
                        "label": "SECTION 1",
                        "display": "block",
                        "sub_fields": [
                            {
                                "key": "field_5ff57e0316759",
                                "label": "images",
                                "name": "images",
                                "type": "image",
                                "instructions": "",
                                "required": 0,
                                "conditional_logic": 0,
                                "wrapper": {
                                    "width": "",
                                    "class": "",
                                    "id": ""
                                },
                                "return_format": "array",
                                "preview_size": "medium",
                                "library": "all",
                                "min_width": "",
                                "min_height": "",
                                "min_size": "",
                                "max_width": "",
                                "max_height": "",
                                "max_size": "",
                                "mime_types": ""
                            },
                            {
                                "key": "field_5ff57e181675a",
                                "label": "Title",
                                "name": "title",
                                "type": "text",
                                "instructions": "",
                                "required": 0,
                                "conditional_logic": 0,
                                "wrapper": {
                                    "width": "",
                                    "class": "",
                                    "id": ""
                                },
                                "default_value": "",
                                "placeholder": "",
                                "prepend": "",
                                "append": "",
                                "maxlength": ""
                            },
                            {
                                "key": "field_5ff57e1e1675b",
                                "label": "content",
                                "name": "content",
                                "type": "textarea",
                                "instructions": "",
                                "required": 0,
                                "conditional_logic": 0,
                                "wrapper": {
                                    "width": "",
                                    "class": "",
                                    "id": ""
                                },
                                "default_value": "",
                                "placeholder": "",
                                "maxlength": "",
                                "rows": 3,
                                "new_lines": ""
                            },
                            {
                                "key": "field_5ffc57193a01a",
                                "label": "paragraph",
                                "name": "paragraph",
                                "type": "text",
                                "instructions": "",
                                "required": 0,
                                "conditional_logic": 0,
                                "wrapper": {
                                    "width": "",
                                    "class": "",
                                    "id": ""
                                },
                                "default_value": "",
                                "placeholder": "",
                                "prepend": "",
                                "append": "",
                                "maxlength": ""
                            },
                            {
                                "key": "field_5ff57e241675c",
                                "label": "Sub text",
                                "name": "sub_text",
                                "type": "text",
                                "instructions": "",
                                "required": 0,
                                "conditional_logic": 0,
                                "wrapper": {
                                    "width": "",
                                    "class": "",
                                    "id": ""
                                },
                                "default_value": "",
                                "placeholder": "",
                                "prepend": "",
                                "append": "",
                                "maxlength": ""
                            },
                            {
                                "key": "field_5ff57e341675d",
                                "label": "List",
                                "name": "box_list",
                                "type": "repeater",
                                "instructions": "",
                                "required": 0,
                                "conditional_logic": 0,
                                "wrapper": {
                                    "width": "",
                                    "class": "",
                                    "id": ""
                                },
                                "collapsed": "",
                                "min": 0,
                                "max": 0,
                                "layout": "table",
                                "button_label": "",
                                "sub_fields": [
                                    {
                                        "key": "field_5ff57e6d1675f",
                                        "label": "images",
                                        "name": "images",
                                        "type": "image",
                                        "instructions": "",
                                        "required": 0,
                                        "conditional_logic": 0,
                                        "wrapper": {
                                            "width": "",
                                            "class": "",
                                            "id": ""
                                        },
                                        "return_format": "array",
                                        "preview_size": "medium",
                                        "library": "all",
                                        "min_width": "",
                                        "min_height": "",
                                        "min_size": "",
                                        "max_width": "",
                                        "max_height": "",
                                        "max_size": "",
                                        "mime_types": ""
                                    },
                                    {
                                        "key": "field_5ff57e641675e",
                                        "label": "Title",
                                        "name": "title",
                                        "type": "text",
                                        "instructions": "",
                                        "required": 0,
                                        "conditional_logic": 0,
                                        "wrapper": {
                                            "width": "",
                                            "class": "",
                                            "id": ""
                                        },
                                        "default_value": "",
                                        "placeholder": "",
                                        "prepend": "",
                                        "append": "",
                                        "maxlength": ""
                                    },
                                    {
                                        "key": "field_5ffc5656f3c5f",
                                        "label": "paragraph",
                                        "name": "paragraph",
                                        "type": "text",
                                        "instructions": "",
                                        "required": 0,
                                        "conditional_logic": 0,
                                        "wrapper": {
                                            "width": "",
                                            "class": "",
                                            "id": ""
                                        },
                                        "default_value": "",
                                        "placeholder": "",
                                        "prepend": "",
                                        "append": "",
                                        "maxlength": ""
                                    },
                                    {
                                        "key": "field_5ff57e7416760",
                                        "label": "Link",
                                        "name": "link",
                                        "type": "link",
                                        "instructions": "",
                                        "required": 0,
                                        "conditional_logic": 0,
                                        "wrapper": {
                                            "width": "",
                                            "class": "",
                                            "id": ""
                                        },
                                        "return_format": "array"
                                    }
                                ]
                            },
                            {
                                "key": "field_5ff57e8416761",
                                "label": "Link",
                                "name": "link",
                                "type": "link",
                                "instructions": "",
                                "required": 0,
                                "conditional_logic": 0,
                                "wrapper": {
                                    "width": "",
                                    "class": "",
                                    "id": ""
                                },
                                "return_format": "array"
                            }
                        ],
                        "min": "",
                        "max": "1"
                    }
                },
                "button_label": "Add Row",
                "min": "",
                "max": ""
            }
        ],
        "location": [
            [
                {
                    "param": "post_type",
                    "operator": "==",
                    "value": "post"
                }
            ]
        ],
        "menu_order": 0,
        "position": "normal",
        "style": "default",
        "label_placement": "top",
        "instruction_placement": "label",
        "hide_on_screen": "",
        "active": true,
        "description": ""
    },
    {
        "key": "group_5db9adee58cca",
        "title": "Settings",
        "fields": [
            {
                "key": "field_5b7e5aa1c8e35",
                "label": "Options",
                "name": "",
                "type": "tab",
                "instructions": "",
                "required": 0,
                "conditional_logic": 0,
                "wrapper": {
                    "width": "",
                    "class": "",
                    "id": ""
                },
                "placement": "left",
                "endpoint": 0
            },
            {
                "key": "field_5b7e5aadc8e36",
                "label": "Logo",
                "name": "logo",
                "type": "image",
                "instructions": "",
                "required": 0,
                "conditional_logic": 0,
                "wrapper": {
                    "width": "",
                    "class": "",
                    "id": ""
                },
                "return_format": "array",
                "preview_size": "medium",
                "library": "all",
                "min_width": "",
                "min_height": "",
                "min_size": "",
                "max_width": "",
                "max_height": "",
                "max_size": "",
                "mime_types": ""
            },
            {
                "key": "field_60af7599d295e",
                "label": "Smoll Logo",
                "name": "smoll_logo",
                "type": "image",
                "instructions": "94 x 20",
                "required": 0,
                "conditional_logic": 0,
                "wrapper": {
                    "width": "",
                    "class": "",
                    "id": ""
                },
                "return_format": "array",
                "preview_size": "medium",
                "library": "all",
                "min_width": "",
                "min_height": "",
                "min_size": "",
                "max_width": "",
                "max_height": "",
                "max_size": "",
                "mime_types": ""
            },
            {
                "key": "field_5f3a5e4e0a343",
                "label": "Footer",
                "name": "",
                "type": "tab",
                "instructions": "",
                "required": 0,
                "conditional_logic": 0,
                "wrapper": {
                    "width": "",
                    "class": "",
                    "id": ""
                },
                "placement": "left",
                "endpoint": 0
            },
            {
                "key": "field_5f3a5e6d0a344",
                "label": "Footer Title",
                "name": "footer_title",
                "type": "text",
                "instructions": "",
                "required": 0,
                "conditional_logic": 0,
                "wrapper": {
                    "width": "",
                    "class": "",
                    "id": ""
                },
                "default_value": "",
                "placeholder": "",
                "prepend": "",
                "append": "",
                "maxlength": ""
            },
            {
                "key": "field_5f3a5ec40a345",
                "label": "Footer Content",
                "name": "footer_content",
                "type": "wysiwyg",
                "instructions": "",
                "required": 0,
                "conditional_logic": 0,
                "wrapper": {
                    "width": "",
                    "class": "",
                    "id": ""
                },
                "default_value": "",
                "tabs": "all",
                "toolbar": "full",
                "media_upload": 1,
                "delay": 0
            },
            {
                "key": "field_5ba5d515e0ea7",
                "label": "Analitics",
                "name": "",
                "type": "tab",
                "instructions": "",
                "required": 0,
                "conditional_logic": 0,
                "wrapper": {
                    "width": "",
                    "class": "",
                    "id": ""
                },
                "placement": "left",
                "endpoint": 0
            },
            {
                "key": "field_5ba5d526e0ea8",
                "label": "Code block in HEADER",
                "name": "code_block_header",
                "type": "textarea",
                "instructions": "",
                "required": 0,
                "conditional_logic": 0,
                "wrapper": {
                    "width": "",
                    "class": "",
                    "id": ""
                },
                "default_value": "",
                "placeholder": "",
                "maxlength": "",
                "rows": "",
                "new_lines": ""
            },
            {
                "key": "field_5ba5d556e0ea9",
                "label": "Code block after BODY opens",
                "name": "code_block_body",
                "type": "textarea",
                "instructions": "",
                "required": 0,
                "conditional_logic": 0,
                "wrapper": {
                    "width": "",
                    "class": "",
                    "id": ""
                },
                "default_value": "",
                "placeholder": "",
                "maxlength": "",
                "rows": "",
                "new_lines": ""
            },
            {
                "key": "field_5ba5d573e0eaa",
                "label": "Code block in FOOTER",
                "name": "code_block_footer",
                "type": "textarea",
                "instructions": "",
                "required": 0,
                "conditional_logic": 0,
                "wrapper": {
                    "width": "",
                    "class": "",
                    "id": ""
                },
                "default_value": "",
                "placeholder": "",
                "maxlength": "",
                "rows": "",
                "new_lines": ""
            },
            {
                "key": "field_5cab4f5d2a5a6",
                "label": "Information",
                "name": "",
                "type": "tab",
                "instructions": "",
                "required": 0,
                "conditional_logic": 0,
                "wrapper": {
                    "width": "",
                    "class": "",
                    "id": ""
                },
                "placement": "top",
                "endpoint": 0
            },
            {
                "key": "field_5e94eea6e9b2d",
                "label": "Time Work",
                "name": "time_work",
                "type": "text",
                "instructions": "[code var=time_work]",
                "required": 0,
                "conditional_logic": 0,
                "wrapper": {
                    "width": "",
                    "class": "",
                    "id": ""
                },
                "default_value": "",
                "placeholder": "",
                "prepend": "",
                "append": "",
                "maxlength": ""
            },
            {
                "key": "field_60ab5bf88f491",
                "label": "Phone",
                "name": "set_phone",
                "type": "link",
                "instructions": "[code var=phone_link]",
                "required": 0,
                "conditional_logic": 0,
                "wrapper": {
                    "width": "",
                    "class": "",
                    "id": ""
                },
                "return_format": "array"
            },
            {
                "key": "field_5cab504119d29",
                "label": "Email",
                "name": "code_email",
                "type": "text",
                "instructions": "[code var=email] <strong>or<\/strong> [code var=email_link] <strong>or<\/strong>  [code var='email_link' title='EMAIL NAME']",
                "required": 0,
                "conditional_logic": 0,
                "wrapper": {
                    "width": "",
                    "class": "",
                    "id": ""
                },
                "default_value": "",
                "placeholder": "",
                "prepend": "",
                "append": "",
                "maxlength": ""
            },
            {
                "key": "field_5cb9c70aac510",
                "label": "Address",
                "name": "code_address",
                "type": "link",
                "instructions": "[code var=address]",
                "required": 0,
                "conditional_logic": 0,
                "wrapper": {
                    "width": "",
                    "class": "",
                    "id": ""
                },
                "return_format": "array"
            },
            {
                "key": "field_5d5d13b664998",
                "label": "Short codes in function.php",
                "name": "",
                "type": "message",
                "instructions": "",
                "required": 0,
                "conditional_logic": 0,
                "wrapper": {
                    "width": "",
                    "class": "",
                    "id": ""
                },
                "message": "Read more-------------------------------------------\r\n[readmore] content [\/readmore]\r\n[readmore class=\"sm\"] content [\/readmore]\r\nClasses can change working in meadia screens : \r\nsm - work until 576px\r\nmd - 768px\r\nlg - 992px\r\nxl - 1200px\r\n\r\nCTA button-------------------------------------------\r\n* Changed link and string if user logger\r\n[cta] \r\n[cta class=\"btn btn-primary btn-xs\" title_logged=\"example\" title_not_logged=\"example2\"] \r\n\r\nclass=\"btn btn-primary btn-xs\" - add classes\r\ntitle_logged=\"example\" - change string for logged user\r\ntitle_not_logged=\"example2\" - change string for NOT logged user",
                "new_lines": "wpautop",
                "esc_html": 0
            },
            {
                "key": "field_5cab5270200b2",
                "label": "Social networks",
                "name": "",
                "type": "tab",
                "instructions": "",
                "required": 0,
                "conditional_logic": 0,
                "wrapper": {
                    "width": "",
                    "class": "",
                    "id": ""
                },
                "placement": "left",
                "endpoint": 0
            },
            {
                "key": "field_5c505310e9b39",
                "label": "Fotter social network",
                "name": "fotter_social_network",
                "type": "flexible_content",
                "instructions": "",
                "required": 0,
                "conditional_logic": 0,
                "wrapper": {
                    "width": "",
                    "class": "",
                    "id": ""
                },
                "layouts": {
                    "5c5053ac831b9": {
                        "key": "5c5053ac831b9",
                        "name": "facebook_1",
                        "label": "facebook",
                        "display": "block",
                        "sub_fields": [
                            {
                                "key": "field_5c505357e9b3a",
                                "label": "facebook",
                                "name": "facebook",
                                "type": "url",
                                "instructions": "",
                                "required": 0,
                                "conditional_logic": 0,
                                "wrapper": {
                                    "width": "",
                                    "class": "",
                                    "id": ""
                                },
                                "default_value": "",
                                "placeholder": ""
                            }
                        ],
                        "min": "",
                        "max": "1"
                    },
                    "layout_5c51ac75281ba": {
                        "key": "layout_5c51ac75281ba",
                        "name": "youtube_1",
                        "label": "youtube",
                        "display": "block",
                        "sub_fields": [
                            {
                                "key": "field_5c51ac75281bb",
                                "label": "youtube",
                                "name": "youtube",
                                "type": "url",
                                "instructions": "",
                                "required": 0,
                                "conditional_logic": 0,
                                "wrapper": {
                                    "width": "",
                                    "class": "",
                                    "id": ""
                                },
                                "default_value": "",
                                "placeholder": ""
                            }
                        ],
                        "min": "",
                        "max": "1"
                    },
                    "layout_5c51acbb281bc": {
                        "key": "layout_5c51acbb281bc",
                        "name": "twitter_1",
                        "label": "twitter",
                        "display": "block",
                        "sub_fields": [
                            {
                                "key": "field_5c51acbb281bd",
                                "label": "twitter",
                                "name": "twitter",
                                "type": "url",
                                "instructions": "",
                                "required": 0,
                                "conditional_logic": 0,
                                "wrapper": {
                                    "width": "",
                                    "class": "",
                                    "id": ""
                                },
                                "default_value": "",
                                "placeholder": ""
                            }
                        ],
                        "min": "",
                        "max": "1"
                    },
                    "layout_60b291e2625e3": {
                        "key": "layout_60b291e2625e3",
                        "name": "google_1",
                        "label": "google",
                        "display": "block",
                        "sub_fields": [
                            {
                                "key": "field_60b291e2625e4",
                                "label": "google",
                                "name": "google",
                                "type": "url",
                                "instructions": "",
                                "required": 0,
                                "conditional_logic": 0,
                                "wrapper": {
                                    "width": "",
                                    "class": "",
                                    "id": ""
                                },
                                "default_value": "",
                                "placeholder": ""
                            }
                        ],
                        "min": "",
                        "max": "1"
                    },
                    "layout_5c51ace4281be": {
                        "key": "layout_5c51ace4281be",
                        "name": "instagram_1",
                        "label": "instagram",
                        "display": "block",
                        "sub_fields": [
                            {
                                "key": "field_5c51ace4281bf",
                                "label": "instagram",
                                "name": "instagram",
                                "type": "url",
                                "instructions": "",
                                "required": 0,
                                "conditional_logic": 0,
                                "wrapper": {
                                    "width": "",
                                    "class": "",
                                    "id": ""
                                },
                                "default_value": "",
                                "placeholder": ""
                            }
                        ],
                        "min": "",
                        "max": "1"
                    },
                    "layout_5c51ad3d281c0": {
                        "key": "layout_5c51ad3d281c0",
                        "name": "linkedin_1",
                        "label": "linkedin",
                        "display": "block",
                        "sub_fields": [
                            {
                                "key": "field_5c51ad3d281c1",
                                "label": "linkedin",
                                "name": "linkedin",
                                "type": "url",
                                "instructions": "",
                                "required": 0,
                                "conditional_logic": 0,
                                "wrapper": {
                                    "width": "",
                                    "class": "",
                                    "id": ""
                                },
                                "default_value": "",
                                "placeholder": ""
                            }
                        ],
                        "min": "",
                        "max": "1"
                    },
                    "layout_5e94effccf610": {
                        "key": "layout_5e94effccf610",
                        "name": "vkontakte_1",
                        "label": "vkontakte",
                        "display": "block",
                        "sub_fields": [
                            {
                                "key": "field_5e94effccf611",
                                "label": "vkontakte",
                                "name": "vkontakte",
                                "type": "url",
                                "instructions": "",
                                "required": 0,
                                "conditional_logic": 0,
                                "wrapper": {
                                    "width": "",
                                    "class": "",
                                    "id": ""
                                },
                                "default_value": "",
                                "placeholder": ""
                            }
                        ],
                        "min": "",
                        "max": "1"
                    },
                    "layout_5e94f037cf612": {
                        "key": "layout_5e94f037cf612",
                        "name": "skype_1",
                        "label": "skype",
                        "display": "block",
                        "sub_fields": [
                            {
                                "key": "field_5e94f037cf613",
                                "label": "skype",
                                "name": "skype",
                                "type": "url",
                                "instructions": "",
                                "required": 0,
                                "conditional_logic": 0,
                                "wrapper": {
                                    "width": "",
                                    "class": "",
                                    "id": ""
                                },
                                "default_value": "",
                                "placeholder": ""
                            }
                        ],
                        "min": "",
                        "max": "1"
                    },
                    "layout_5e94f057cf615": {
                        "key": "layout_5e94f057cf615",
                        "name": "telegram_1",
                        "label": "telegram",
                        "display": "block",
                        "sub_fields": [
                            {
                                "key": "field_5e94f057cf616",
                                "label": "telegram",
                                "name": "telegram",
                                "type": "url",
                                "instructions": "",
                                "required": 0,
                                "conditional_logic": 0,
                                "wrapper": {
                                    "width": "",
                                    "class": "",
                                    "id": ""
                                },
                                "default_value": "",
                                "placeholder": ""
                            }
                        ],
                        "min": "",
                        "max": "1"
                    }
                },
                "button_label": "Add Row",
                "min": "",
                "max": ""
            },
            {
                "key": "field_5f33fb08a8775",
                "label": "Template color",
                "name": "",
                "type": "tab",
                "instructions": "",
                "required": 0,
                "conditional_logic": 0,
                "wrapper": {
                    "width": "",
                    "class": "",
                    "id": ""
                },
                "placement": "left",
                "endpoint": 0
            },
            {
                "key": "field_5f33fbcca8779",
                "label": "Box width",
                "name": "width-color",
                "type": "color_picker",
                "instructions": "",
                "required": 0,
                "conditional_logic": 0,
                "wrapper": {
                    "width": "",
                    "class": "",
                    "id": ""
                },
                "default_value": ""
            },
            {
                "key": "field_5f33fb66a8777",
                "label": "Menu",
                "name": "menu-color",
                "type": "color_picker",
                "instructions": "",
                "required": 0,
                "conditional_logic": 0,
                "wrapper": {
                    "width": "",
                    "class": "",
                    "id": ""
                },
                "default_value": ""
            },
            {
                "key": "field_5f33fb34a8776",
                "label": "Footer",
                "name": "footer-color",
                "type": "color_picker",
                "instructions": "",
                "required": 0,
                "conditional_logic": 0,
                "wrapper": {
                    "width": "",
                    "class": "",
                    "id": ""
                },
                "default_value": ""
            },
            {
                "key": "field_5f33fb96a8778",
                "label": "copyright",
                "name": "copyright-color",
                "type": "color_picker",
                "instructions": "",
                "required": 0,
                "conditional_logic": 0,
                "wrapper": {
                    "width": "",
                    "class": "",
                    "id": ""
                },
                "default_value": ""
            }
        ],
        "location": [
            [
                {
                    "param": "options_page",
                    "operator": "==",
                    "value": "general-settings"
                }
            ]
        ],
        "menu_order": 0,
        "position": "normal",
        "style": "default",
        "label_placement": "top",
        "instruction_placement": "label",
        "hide_on_screen": "",
        "active": true,
        "description": ""
    }
]