[
    {
        "key": "group_5db9adee58cca",
        "title": "Code settings",
        "fields": [
            {
                "key": "field_5f3a5e4e0a343",
                "label": "Footer",
                "name": "",
                "type": "tab",
                "instructions": "",
                "required": 0,
                "conditional_logic": 0,
                "wrapper": {
                    "width": "",
                    "class": "",
                    "id": ""
                },
                "placement": "left",
                "endpoint": 0
            },
            {
                "key": "field_5f3a5e6d0a344",
                "label": "Footer Title",
                "name": "footer_title",
                "type": "text",
                "instructions": "",
                "required": 0,
                "conditional_logic": 0,
                "wrapper": {
                    "width": "",
                    "class": "",
                    "id": ""
                },
                "default_value": "",
                "placeholder": "",
                "prepend": "",
                "append": "",
                "maxlength": ""
            },
            {
                "key": "field_5f3a5ec40a345",
                "label": "Footer Content",
                "name": "footer_content",
                "type": "wysiwyg",
                "instructions": "",
                "required": 0,
                "conditional_logic": 0,
                "wrapper": {
                    "width": "",
                    "class": "",
                    "id": ""
                },
                "default_value": "",
                "tabs": "all",
                "toolbar": "full",
                "media_upload": 1,
                "delay": 0
            },
            {
                "key": "field_5f33fb08a8775",
                "label": "Template color",
                "name": "",
                "type": "tab",
                "instructions": "",
                "required": 0,
                "conditional_logic": 0,
                "wrapper": {
                    "width": "",
                    "class": "",
                    "id": ""
                },
                "placement": "left",
                "endpoint": 0
            },
            {
                "key": "field_5f33fbcca8779",
                "label": "Box width",
                "name": "width-color",
                "type": "color_picker",
                "instructions": "",
                "required": 0,
                "conditional_logic": 0,
                "wrapper": {
                    "width": "",
                    "class": "",
                    "id": ""
                },
                "default_value": ""
            },
            {
                "key": "field_5f33fb66a8777",
                "label": "Menu",
                "name": "menu-color",
                "type": "color_picker",
                "instructions": "",
                "required": 0,
                "conditional_logic": 0,
                "wrapper": {
                    "width": "",
                    "class": "",
                    "id": ""
                },
                "default_value": ""
            },
            {
                "key": "field_5f33fb34a8776",
                "label": "Footer",
                "name": "footer-color",
                "type": "color_picker",
                "instructions": "",
                "required": 0,
                "conditional_logic": 0,
                "wrapper": {
                    "width": "",
                    "class": "",
                    "id": ""
                },
                "default_value": ""
            },
            {
                "key": "field_5f33fb96a8778",
                "label": "copyright",
                "name": "copyright-color",
                "type": "color_picker",
                "instructions": "",
                "required": 0,
                "conditional_logic": 0,
                "wrapper": {
                    "width": "",
                    "class": "",
                    "id": ""
                },
                "default_value": ""
            },
            {
                "key": "field_5b7e5aa1c8e35",
                "label": "Options",
                "name": "",
                "type": "tab",
                "instructions": "",
                "required": 0,
                "conditional_logic": 0,
                "wrapper": {
                    "width": "",
                    "class": "",
                    "id": ""
                },
                "placement": "left",
                "endpoint": 0
            },
            {
                "key": "field_5b7e5aadc8e36",
                "label": "Logo",
                "name": "logo",
                "type": "image",
                "instructions": "",
                "required": 0,
                "conditional_logic": 0,
                "wrapper": {
                    "width": "",
                    "class": "",
                    "id": ""
                },
                "return_format": "array",
                "preview_size": "medium",
                "library": "all",
                "min_width": "",
                "min_height": "",
                "min_size": "",
                "max_width": "",
                "max_height": "",
                "max_size": "",
                "mime_types": ""
            },
            {
                "key": "field_5ba5d515e0ea7",
                "label": "Analitics",
                "name": "",
                "type": "tab",
                "instructions": "",
                "required": 0,
                "conditional_logic": 0,
                "wrapper": {
                    "width": "",
                    "class": "",
                    "id": ""
                },
                "placement": "left",
                "endpoint": 0
            },
            {
                "key": "field_5ba5d526e0ea8",
                "label": "Code block in HEADER",
                "name": "code_block_header",
                "type": "textarea",
                "instructions": "",
                "required": 0,
                "conditional_logic": 0,
                "wrapper": {
                    "width": "",
                    "class": "",
                    "id": ""
                },
                "default_value": "",
                "placeholder": "",
                "maxlength": "",
                "rows": "",
                "new_lines": ""
            },
            {
                "key": "field_5ba5d556e0ea9",
                "label": "Code block after BODY opens",
                "name": "code_block_body",
                "type": "textarea",
                "instructions": "",
                "required": 0,
                "conditional_logic": 0,
                "wrapper": {
                    "width": "",
                    "class": "",
                    "id": ""
                },
                "default_value": "",
                "placeholder": "",
                "maxlength": "",
                "rows": "",
                "new_lines": ""
            },
            {
                "key": "field_5ba5d573e0eaa",
                "label": "Code block in FOOTER",
                "name": "code_block_footer",
                "type": "textarea",
                "instructions": "",
                "required": 0,
                "conditional_logic": 0,
                "wrapper": {
                    "width": "",
                    "class": "",
                    "id": ""
                },
                "default_value": "",
                "placeholder": "",
                "maxlength": "",
                "rows": "",
                "new_lines": ""
            },
            {
                "key": "field_5cab4f5d2a5a6",
                "label": "Information",
                "name": "",
                "type": "tab",
                "instructions": "",
                "required": 0,
                "conditional_logic": 0,
                "wrapper": {
                    "width": "",
                    "class": "",
                    "id": ""
                },
                "placement": "top",
                "endpoint": 0
            },
            {
                "key": "field_5e94eea6e9b2d",
                "label": "Time Work",
                "name": "time_work",
                "type": "text",
                "instructions": "",
                "required": 0,
                "conditional_logic": 0,
                "wrapper": {
                    "width": "",
                    "class": "",
                    "id": ""
                },
                "default_value": "",
                "placeholder": "",
                "prepend": "",
                "append": "",
                "maxlength": ""
            },
            {
                "key": "field_5e94ea6366bf7",
                "label": "Title Phone",
                "name": "title_phone",
                "type": "text",
                "instructions": "",
                "required": 0,
                "conditional_logic": 0,
                "wrapper": {
                    "width": "",
                    "class": "",
                    "id": ""
                },
                "default_value": "",
                "placeholder": "",
                "prepend": "",
                "append": "",
                "maxlength": ""
            },
            {
                "key": "field_5cab503719d28",
                "label": "Phone",
                "name": "code_phone",
                "type": "text",
                "instructions": "[code var=tel] <strong>or<\/strong> [code var='tel'  title='desc']",
                "required": 0,
                "conditional_logic": 0,
                "wrapper": {
                    "width": "",
                    "class": "",
                    "id": ""
                },
                "default_value": "",
                "placeholder": "",
                "prepend": "",
                "append": "",
                "maxlength": ""
            },
            {
                "key": "field_5cab504119d29",
                "label": "Email",
                "name": "code_email",
                "type": "text",
                "instructions": "[code var=email] <strong>or<\/strong> [code var=email_link] <strong>or<\/strong>  [code var='email_link' title='EMAIL NAME']",
                "required": 0,
                "conditional_logic": 0,
                "wrapper": {
                    "width": "",
                    "class": "",
                    "id": ""
                },
                "default_value": "",
                "placeholder": "",
                "prepend": "",
                "append": "",
                "maxlength": ""
            },
            {
                "key": "field_5cb9c70aac510",
                "label": "Address",
                "name": "code_address",
                "type": "text",
                "instructions": "[code var=address]",
                "required": 0,
                "conditional_logic": 0,
                "wrapper": {
                    "width": "",
                    "class": "",
                    "id": ""
                },
                "default_value": "",
                "placeholder": "",
                "prepend": "",
                "append": "",
                "maxlength": ""
            },
            {
                "key": "field_5d5d13b664998",
                "label": "Short codes in function.php",
                "name": "",
                "type": "message",
                "instructions": "",
                "required": 0,
                "conditional_logic": 0,
                "wrapper": {
                    "width": "",
                    "class": "",
                    "id": ""
                },
                "message": "Read more-------------------------------------------\r\n[readmore] content [\/readmore]\r\n[readmore class=\"sm\"] content [\/readmore]\r\nClasses can change working in meadia screens : \r\nsm - work until 576px\r\nmd - 768px\r\nlg - 992px\r\nxl - 1200px\r\n\r\nCTA button-------------------------------------------\r\n* Changed link and string if user logger\r\n[cta] \r\n[cta class=\"btn btn-primary btn-xs\" title_logged=\"example\" title_not_logged=\"example2\"] \r\n\r\nclass=\"btn btn-primary btn-xs\" - add classes\r\ntitle_logged=\"example\" - change string for logged user\r\ntitle_not_logged=\"example2\" - change string for NOT logged user",
                "new_lines": "wpautop",
                "esc_html": 0
            },
            {
                "key": "field_5cab5270200b2",
                "label": "Social networks",
                "name": "",
                "type": "tab",
                "instructions": "",
                "required": 0,
                "conditional_logic": 0,
                "wrapper": {
                    "width": "",
                    "class": "",
                    "id": ""
                },
                "placement": "left",
                "endpoint": 0
            },
            {
                "key": "field_5c505310e9b39",
                "label": "Fotter social network",
                "name": "fotter_social_network",
                "type": "flexible_content",
                "instructions": "",
                "required": 0,
                "conditional_logic": 0,
                "wrapper": {
                    "width": "",
                    "class": "",
                    "id": ""
                },
                "layouts": {
                    "5c5053ac831b9": {
                        "key": "5c5053ac831b9",
                        "name": "facebook_1",
                        "label": "facebook",
                        "display": "block",
                        "sub_fields": [
                            {
                                "key": "field_5c505357e9b3a",
                                "label": "facebook",
                                "name": "facebook",
                                "type": "url",
                                "instructions": "",
                                "required": 0,
                                "conditional_logic": 0,
                                "wrapper": {
                                    "width": "",
                                    "class": "",
                                    "id": ""
                                },
                                "default_value": "",
                                "placeholder": ""
                            }
                        ],
                        "min": "",
                        "max": "1"
                    },
                    "layout_5c51ac75281ba": {
                        "key": "layout_5c51ac75281ba",
                        "name": "youtube_1",
                        "label": "youtube",
                        "display": "block",
                        "sub_fields": [
                            {
                                "key": "field_5c51ac75281bb",
                                "label": "youtube",
                                "name": "youtube",
                                "type": "url",
                                "instructions": "",
                                "required": 0,
                                "conditional_logic": 0,
                                "wrapper": {
                                    "width": "",
                                    "class": "",
                                    "id": ""
                                },
                                "default_value": "",
                                "placeholder": ""
                            }
                        ],
                        "min": "",
                        "max": "1"
                    },
                    "layout_5c51acbb281bc": {
                        "key": "layout_5c51acbb281bc",
                        "name": "twitter_1",
                        "label": "twitter",
                        "display": "block",
                        "sub_fields": [
                            {
                                "key": "field_5c51acbb281bd",
                                "label": "twitter",
                                "name": "twitter",
                                "type": "url",
                                "instructions": "",
                                "required": 0,
                                "conditional_logic": 0,
                                "wrapper": {
                                    "width": "",
                                    "class": "",
                                    "id": ""
                                },
                                "default_value": "",
                                "placeholder": ""
                            }
                        ],
                        "min": "",
                        "max": "1"
                    },
                    "layout_5c51ace4281be": {
                        "key": "layout_5c51ace4281be",
                        "name": "instagram_1",
                        "label": "instagram",
                        "display": "block",
                        "sub_fields": [
                            {
                                "key": "field_5c51ace4281bf",
                                "label": "instagram",
                                "name": "instagram",
                                "type": "url",
                                "instructions": "",
                                "required": 0,
                                "conditional_logic": 0,
                                "wrapper": {
                                    "width": "",
                                    "class": "",
                                    "id": ""
                                },
                                "default_value": "",
                                "placeholder": ""
                            }
                        ],
                        "min": "",
                        "max": "1"
                    },
                    "layout_5c51ad3d281c0": {
                        "key": "layout_5c51ad3d281c0",
                        "name": "linkedin_1",
                        "label": "linkedin",
                        "display": "block",
                        "sub_fields": [
                            {
                                "key": "field_5c51ad3d281c1",
                                "label": "linkedin",
                                "name": "linkedin",
                                "type": "url",
                                "instructions": "",
                                "required": 0,
                                "conditional_logic": 0,
                                "wrapper": {
                                    "width": "",
                                    "class": "",
                                    "id": ""
                                },
                                "default_value": "",
                                "placeholder": ""
                            }
                        ],
                        "min": "",
                        "max": "1"
                    },
                    "layout_5e94effccf610": {
                        "key": "layout_5e94effccf610",
                        "name": "vkontakte_1",
                        "label": "vkontakte",
                        "display": "block",
                        "sub_fields": [
                            {
                                "key": "field_5e94effccf611",
                                "label": "vkontakte",
                                "name": "vkontakte",
                                "type": "url",
                                "instructions": "",
                                "required": 0,
                                "conditional_logic": 0,
                                "wrapper": {
                                    "width": "",
                                    "class": "",
                                    "id": ""
                                },
                                "default_value": "",
                                "placeholder": ""
                            }
                        ],
                        "min": "",
                        "max": "1"
                    },
                    "layout_5e94f037cf612": {
                        "key": "layout_5e94f037cf612",
                        "name": "skype_1",
                        "label": "skype",
                        "display": "block",
                        "sub_fields": [
                            {
                                "key": "field_5e94f037cf613",
                                "label": "skype",
                                "name": "skype",
                                "type": "url",
                                "instructions": "",
                                "required": 0,
                                "conditional_logic": 0,
                                "wrapper": {
                                    "width": "",
                                    "class": "",
                                    "id": ""
                                },
                                "default_value": "",
                                "placeholder": ""
                            }
                        ],
                        "min": "",
                        "max": "1"
                    },
                    "layout_5e94f057cf615": {
                        "key": "layout_5e94f057cf615",
                        "name": "telegram_1",
                        "label": "telegram",
                        "display": "block",
                        "sub_fields": [
                            {
                                "key": "field_5e94f057cf616",
                                "label": "telegram",
                                "name": "telegram",
                                "type": "url",
                                "instructions": "",
                                "required": 0,
                                "conditional_logic": 0,
                                "wrapper": {
                                    "width": "",
                                    "class": "",
                                    "id": ""
                                },
                                "default_value": "",
                                "placeholder": ""
                            }
                        ],
                        "min": "",
                        "max": "1"
                    }
                },
                "button_label": "Add Row",
                "min": "",
                "max": ""
            }
        ],
        "location": [
            [
                {
                    "param": "options_page",
                    "operator": "==",
                    "value": "general-settings"
                }
            ]
        ],
        "menu_order": 0,
        "position": "normal",
        "style": "default",
        "label_placement": "top",
        "instruction_placement": "label",
        "hide_on_screen": "",
        "active": true,
        "description": ""
    },
    {
        "key": "group_5f30f04ddd87e",
        "title": "PAGES SECTION",
        "fields": [
            {
                "key": "field_5f30f0587ba39",
                "label": "HEADER",
                "name": "",
                "type": "tab",
                "instructions": "",
                "required": 0,
                "conditional_logic": 0,
                "wrapper": {
                    "width": "",
                    "class": "",
                    "id": ""
                },
                "placement": "left",
                "endpoint": 0
            },
            {
                "key": "field_5f30f0fc7ba3b",
                "label": "Content from Home page",
                "name": "__header_chek",
                "type": "true_false",
                "instructions": "",
                "required": 0,
                "conditional_logic": 0,
                "wrapper": {
                    "width": "",
                    "class": "",
                    "id": ""
                },
                "message": "",
                "default_value": 0,
                "ui": 1,
                "ui_on_text": "On",
                "ui_off_text": "Off"
            },
            {
                "key": "field_5f30f0cf7ba3a",
                "label": "HEADER",
                "name": "__header",
                "type": "flexible_content",
                "instructions": "",
                "required": 0,
                "conditional_logic": 0,
                "wrapper": {
                    "width": "",
                    "class": "",
                    "id": ""
                },
                "layouts": {
                    "layout_5f30f0d4d6704": {
                        "key": "layout_5f30f0d4d6704",
                        "name": "__header",
                        "label": "HEADER",
                        "display": "block",
                        "sub_fields": [
                            {
                                "key": "field_5f30f1687ba3c",
                                "label": "Title",
                                "name": "title",
                                "type": "text",
                                "instructions": "",
                                "required": 0,
                                "conditional_logic": 0,
                                "wrapper": {
                                    "width": "",
                                    "class": "",
                                    "id": ""
                                },
                                "default_value": "",
                                "placeholder": "",
                                "prepend": "",
                                "append": "",
                                "maxlength": ""
                            },
                            {
                                "key": "field_5f30f1797ba3d",
                                "label": "Text content",
                                "name": "content",
                                "type": "textarea",
                                "instructions": "",
                                "required": 0,
                                "conditional_logic": 0,
                                "wrapper": {
                                    "width": "",
                                    "class": "",
                                    "id": ""
                                },
                                "default_value": "",
                                "placeholder": "",
                                "maxlength": "",
                                "rows": "",
                                "new_lines": ""
                            },
                            {
                                "key": "field_5f30f18d7ba3e",
                                "label": "Box list",
                                "name": "box_list",
                                "type": "repeater",
                                "instructions": "",
                                "required": 0,
                                "conditional_logic": 0,
                                "wrapper": {
                                    "width": "",
                                    "class": "",
                                    "id": ""
                                },
                                "collapsed": "",
                                "min": 0,
                                "max": 0,
                                "layout": "table",
                                "button_label": "",
                                "sub_fields": [
                                    {
                                        "key": "field_5f30f1b67ba3f",
                                        "label": "Paragraph",
                                        "name": "paragraph",
                                        "type": "text",
                                        "instructions": "",
                                        "required": 0,
                                        "conditional_logic": 0,
                                        "wrapper": {
                                            "width": "",
                                            "class": "",
                                            "id": ""
                                        },
                                        "default_value": "",
                                        "placeholder": "",
                                        "prepend": "",
                                        "append": "",
                                        "maxlength": ""
                                    }
                                ]
                            }
                        ],
                        "min": "",
                        "max": "1"
                    }
                },
                "button_label": "Add Row",
                "min": "",
                "max": ""
            },
            {
                "key": "field_5f3694f0e1b91",
                "label": "SECTION NEW",
                "name": "",
                "type": "tab",
                "instructions": "",
                "required": 0,
                "conditional_logic": 0,
                "wrapper": {
                    "width": "",
                    "class": "",
                    "id": ""
                },
                "placement": "left",
                "endpoint": 0
            },
            {
                "key": "field_5f36952ce1b92",
                "label": "SECTION NEW ( '__section_new' )",
                "name": "__section_new",
                "type": "flexible_content",
                "instructions": "",
                "required": 0,
                "conditional_logic": 0,
                "wrapper": {
                    "width": "",
                    "class": "",
                    "id": ""
                },
                "layouts": {
                    "layout_5f30f5fa2f5f3": {
                        "key": "layout_5f30f5fa2f5f3",
                        "name": "__section_new",
                        "label": "SECTION",
                        "display": "block",
                        "sub_fields": [
                            {
                                "key": "field_5f36999b1c27a",
                                "label": "Content",
                                "name": "content",
                                "type": "wysiwyg",
                                "instructions": "",
                                "required": 0,
                                "conditional_logic": 0,
                                "wrapper": {
                                    "width": "",
                                    "class": "",
                                    "id": ""
                                },
                                "default_value": "",
                                "tabs": "all",
                                "toolbar": "full",
                                "media_upload": 1,
                                "delay": 0
                            }
                        ],
                        "min": "",
                        "max": ""
                    }
                },
                "button_label": "Add Row",
                "min": "",
                "max": ""
            },
            {
                "key": "field_5f30f5bd74729",
                "label": "SECTION 1",
                "name": "",
                "type": "tab",
                "instructions": "",
                "required": 0,
                "conditional_logic": 0,
                "wrapper": {
                    "width": "",
                    "class": "",
                    "id": ""
                },
                "placement": "left",
                "endpoint": 0
            },
            {
                "key": "field_5f30f5c97472a",
                "label": "Content from Home page",
                "name": "chek_1",
                "type": "true_false",
                "instructions": "",
                "required": 0,
                "conditional_logic": 0,
                "wrapper": {
                    "width": "",
                    "class": "",
                    "id": ""
                },
                "message": "",
                "default_value": 0,
                "ui": 1,
                "ui_on_text": "On",
                "ui_off_text": "Off"
            },
            {
                "key": "field_5f30f5f27472c",
                "label": "SECTION 1 ( '__section_1' )",
                "name": "__section_1",
                "type": "flexible_content",
                "instructions": "",
                "required": 0,
                "conditional_logic": 0,
                "wrapper": {
                    "width": "",
                    "class": "",
                    "id": ""
                },
                "layouts": {
                    "layout_5f30f5fa2f5f3": {
                        "key": "layout_5f30f5fa2f5f3",
                        "name": "__section_1",
                        "label": "SECTION 1",
                        "display": "block",
                        "sub_fields": [
                            {
                                "key": "field_5f30f769ac51f",
                                "label": "Title",
                                "name": "title",
                                "type": "text",
                                "instructions": "",
                                "required": 0,
                                "conditional_logic": 0,
                                "wrapper": {
                                    "width": "",
                                    "class": "",
                                    "id": ""
                                },
                                "default_value": "",
                                "placeholder": "",
                                "prepend": "",
                                "append": "",
                                "maxlength": ""
                            },
                            {
                                "key": "field_5f30f789ac520",
                                "label": "content",
                                "name": "content",
                                "type": "textarea",
                                "instructions": "",
                                "required": 0,
                                "conditional_logic": 0,
                                "wrapper": {
                                    "width": "",
                                    "class": "",
                                    "id": ""
                                },
                                "default_value": "",
                                "placeholder": "",
                                "maxlength": "",
                                "rows": "",
                                "new_lines": ""
                            },
                            {
                                "key": "field_5f30f7cdac521",
                                "label": "Box list",
                                "name": "box_list",
                                "type": "repeater",
                                "instructions": "",
                                "required": 0,
                                "conditional_logic": 0,
                                "wrapper": {
                                    "width": "",
                                    "class": "",
                                    "id": ""
                                },
                                "collapsed": "",
                                "min": 0,
                                "max": 0,
                                "layout": "table",
                                "button_label": "",
                                "sub_fields": [
                                    {
                                        "key": "field_5f30f801ac522",
                                        "label": "images",
                                        "name": "images",
                                        "type": "image",
                                        "instructions": "",
                                        "required": 0,
                                        "conditional_logic": 0,
                                        "wrapper": {
                                            "width": "",
                                            "class": "",
                                            "id": ""
                                        },
                                        "return_format": "array",
                                        "preview_size": "medium",
                                        "library": "all",
                                        "min_width": "",
                                        "min_height": "",
                                        "min_size": "",
                                        "max_width": "",
                                        "max_height": "",
                                        "max_size": "",
                                        "mime_types": ""
                                    },
                                    {
                                        "key": "field_5f30f833ac523",
                                        "label": "Paragraph",
                                        "name": "paragraph",
                                        "type": "text",
                                        "instructions": "",
                                        "required": 0,
                                        "conditional_logic": 0,
                                        "wrapper": {
                                            "width": "",
                                            "class": "",
                                            "id": ""
                                        },
                                        "default_value": "",
                                        "placeholder": "",
                                        "prepend": "",
                                        "append": "",
                                        "maxlength": ""
                                    }
                                ]
                            }
                        ],
                        "min": "",
                        "max": "1"
                    }
                },
                "button_label": "Add Row",
                "min": "",
                "max": ""
            },
            {
                "key": "field_5f310754aded8",
                "label": "SECTION 2",
                "name": "",
                "type": "tab",
                "instructions": "",
                "required": 0,
                "conditional_logic": 0,
                "wrapper": {
                    "width": "",
                    "class": "",
                    "id": ""
                },
                "placement": "left",
                "endpoint": 0
            },
            {
                "key": "field_5f310764aded9",
                "label": "Content from Home page",
                "name": "chek_2",
                "type": "true_false",
                "instructions": "",
                "required": 0,
                "conditional_logic": 0,
                "wrapper": {
                    "width": "",
                    "class": "",
                    "id": ""
                },
                "message": "",
                "default_value": 0,
                "ui": 1,
                "ui_on_text": "On",
                "ui_off_text": "Off"
            },
            {
                "key": "field_5f31084aaedce",
                "label": "SECTION 2 ( '__section_2' )",
                "name": "__section_2",
                "type": "flexible_content",
                "instructions": "",
                "required": 0,
                "conditional_logic": 0,
                "wrapper": {
                    "width": "",
                    "class": "",
                    "id": ""
                },
                "layouts": {
                    "layout_5f30f5fa2f5f3": {
                        "key": "layout_5f30f5fa2f5f3",
                        "name": "__section_2",
                        "label": "SECTION 2",
                        "display": "block",
                        "sub_fields": [
                            {
                                "key": "field_5f31084aaedcf",
                                "label": "Title",
                                "name": "title",
                                "type": "text",
                                "instructions": "",
                                "required": 0,
                                "conditional_logic": 0,
                                "wrapper": {
                                    "width": "",
                                    "class": "",
                                    "id": ""
                                },
                                "default_value": "",
                                "placeholder": "",
                                "prepend": "",
                                "append": "",
                                "maxlength": ""
                            },
                            {
                                "key": "field_5f31084aaedd0",
                                "label": "content",
                                "name": "content",
                                "type": "textarea",
                                "instructions": "",
                                "required": 0,
                                "conditional_logic": 0,
                                "wrapper": {
                                    "width": "",
                                    "class": "",
                                    "id": ""
                                },
                                "default_value": "",
                                "placeholder": "",
                                "maxlength": "",
                                "rows": "",
                                "new_lines": ""
                            },
                            {
                                "key": "field_5f31084aaedd1",
                                "label": "Box list",
                                "name": "box_list",
                                "type": "repeater",
                                "instructions": "",
                                "required": 0,
                                "conditional_logic": 0,
                                "wrapper": {
                                    "width": "",
                                    "class": "",
                                    "id": ""
                                },
                                "collapsed": "",
                                "min": 0,
                                "max": 0,
                                "layout": "table",
                                "button_label": "",
                                "sub_fields": [
                                    {
                                        "key": "field_5f31088daedd4",
                                        "label": "Namber",
                                        "name": "title",
                                        "type": "text",
                                        "instructions": "",
                                        "required": 0,
                                        "conditional_logic": 0,
                                        "wrapper": {
                                            "width": "",
                                            "class": "",
                                            "id": ""
                                        },
                                        "default_value": "",
                                        "placeholder": "",
                                        "prepend": "",
                                        "append": "",
                                        "maxlength": ""
                                    },
                                    {
                                        "key": "field_5f31084aaedd3",
                                        "label": "Paragraph",
                                        "name": "paragraph",
                                        "type": "text",
                                        "instructions": "",
                                        "required": 0,
                                        "conditional_logic": 0,
                                        "wrapper": {
                                            "width": "",
                                            "class": "",
                                            "id": ""
                                        },
                                        "default_value": "",
                                        "placeholder": "",
                                        "prepend": "",
                                        "append": "",
                                        "maxlength": ""
                                    }
                                ]
                            }
                        ],
                        "min": "",
                        "max": "1"
                    }
                },
                "button_label": "Add Row",
                "min": "",
                "max": ""
            },
            {
                "key": "field_5f310fde8f6cc",
                "label": "SECTION 3",
                "name": "",
                "type": "tab",
                "instructions": "",
                "required": 0,
                "conditional_logic": 0,
                "wrapper": {
                    "width": "",
                    "class": "",
                    "id": ""
                },
                "placement": "left",
                "endpoint": 0
            },
            {
                "key": "field_5f310ff58f6cd",
                "label": "Content from Home page",
                "name": "chek_3",
                "type": "true_false",
                "instructions": "",
                "required": 0,
                "conditional_logic": 0,
                "wrapper": {
                    "width": "",
                    "class": "",
                    "id": ""
                },
                "message": "",
                "default_value": 0,
                "ui": 1,
                "ui_on_text": "On",
                "ui_off_text": "Off"
            },
            {
                "key": "field_5f3110048f6cf",
                "label": "SECTION 3 ( '__section_3' )",
                "name": "__section_3",
                "type": "flexible_content",
                "instructions": "",
                "required": 0,
                "conditional_logic": 0,
                "wrapper": {
                    "width": "",
                    "class": "",
                    "id": ""
                },
                "layouts": {
                    "layout_5f30f5fa2f5f3": {
                        "key": "layout_5f30f5fa2f5f3",
                        "name": "__section_3",
                        "label": "SECTION 3",
                        "display": "block",
                        "sub_fields": [
                            {
                                "key": "field_5f31118c97da6",
                                "label": "Title",
                                "name": "title",
                                "type": "text",
                                "instructions": "",
                                "required": 0,
                                "conditional_logic": 0,
                                "wrapper": {
                                    "width": "",
                                    "class": "",
                                    "id": ""
                                },
                                "default_value": "",
                                "placeholder": "",
                                "prepend": "",
                                "append": "",
                                "maxlength": ""
                            },
                            {
                                "key": "field_5f31119f97da7",
                                "label": "Content",
                                "name": "content",
                                "type": "textarea",
                                "instructions": "",
                                "required": 0,
                                "conditional_logic": 0,
                                "wrapper": {
                                    "width": "",
                                    "class": "",
                                    "id": ""
                                },
                                "default_value": "",
                                "placeholder": "",
                                "maxlength": "",
                                "rows": "",
                                "new_lines": ""
                            },
                            {
                                "key": "field_5f3111a497da8",
                                "label": "H3 Title",
                                "name": "title_h3",
                                "type": "text",
                                "instructions": "",
                                "required": 0,
                                "conditional_logic": 0,
                                "wrapper": {
                                    "width": "",
                                    "class": "",
                                    "id": ""
                                },
                                "default_value": "",
                                "placeholder": "",
                                "prepend": "",
                                "append": "",
                                "maxlength": ""
                            },
                            {
                                "key": "field_5f31121f97da9",
                                "label": "Left Content",
                                "name": "text_in_block",
                                "type": "wysiwyg",
                                "instructions": "",
                                "required": 0,
                                "conditional_logic": 0,
                                "wrapper": {
                                    "width": "",
                                    "class": "",
                                    "id": ""
                                },
                                "default_value": "",
                                "tabs": "all",
                                "toolbar": "full",
                                "media_upload": 1,
                                "delay": 0
                            }
                        ],
                        "min": "",
                        "max": "1"
                    }
                },
                "button_label": "Add Row",
                "min": "",
                "max": ""
            },
            {
                "key": "field_5f311837bc7fa",
                "label": "SECTION 4",
                "name": "",
                "type": "tab",
                "instructions": "",
                "required": 0,
                "conditional_logic": 0,
                "wrapper": {
                    "width": "",
                    "class": "",
                    "id": ""
                },
                "placement": "left",
                "endpoint": 0
            },
            {
                "key": "field_5f311840bc7fb",
                "label": "Content from Home page",
                "name": "chek_4",
                "type": "true_false",
                "instructions": "",
                "required": 0,
                "conditional_logic": 0,
                "wrapper": {
                    "width": "",
                    "class": "",
                    "id": ""
                },
                "message": "",
                "default_value": 0,
                "ui": 1,
                "ui_on_text": "On",
                "ui_off_text": "Off"
            },
            {
                "key": "field_5f311849bc7fc",
                "label": "SECTION 4 ( '__section_4' )",
                "name": "__section_4",
                "type": "flexible_content",
                "instructions": "",
                "required": 0,
                "conditional_logic": 0,
                "wrapper": {
                    "width": "",
                    "class": "",
                    "id": ""
                },
                "layouts": {
                    "layout_5f30f5fa2f5f3": {
                        "key": "layout_5f30f5fa2f5f3",
                        "name": "__section_4",
                        "label": "SECTION 4",
                        "display": "block",
                        "sub_fields": [
                            {
                                "key": "field_5f311849bc7fd",
                                "label": "Title",
                                "name": "title",
                                "type": "text",
                                "instructions": "",
                                "required": 0,
                                "conditional_logic": 0,
                                "wrapper": {
                                    "width": "",
                                    "class": "",
                                    "id": ""
                                },
                                "default_value": "",
                                "placeholder": "",
                                "prepend": "",
                                "append": "",
                                "maxlength": ""
                            },
                            {
                                "key": "field_5f311849bc7fe",
                                "label": "Content",
                                "name": "content",
                                "type": "textarea",
                                "instructions": "",
                                "required": 0,
                                "conditional_logic": 0,
                                "wrapper": {
                                    "width": "",
                                    "class": "",
                                    "id": ""
                                },
                                "default_value": "",
                                "placeholder": "",
                                "maxlength": "",
                                "rows": "",
                                "new_lines": ""
                            },
                            {
                                "key": "field_5f31189abc801",
                                "label": "Box list",
                                "name": "box_list",
                                "type": "repeater",
                                "instructions": "",
                                "required": 0,
                                "conditional_logic": 0,
                                "wrapper": {
                                    "width": "",
                                    "class": "",
                                    "id": ""
                                },
                                "collapsed": "",
                                "min": 0,
                                "max": 0,
                                "layout": "block",
                                "button_label": "",
                                "sub_fields": [
                                    {
                                        "key": "field_5f3118a5bc802",
                                        "label": "Title",
                                        "name": "title",
                                        "type": "text",
                                        "instructions": "",
                                        "required": 0,
                                        "conditional_logic": 0,
                                        "wrapper": {
                                            "width": "",
                                            "class": "",
                                            "id": ""
                                        },
                                        "default_value": "",
                                        "placeholder": "",
                                        "prepend": "",
                                        "append": "",
                                        "maxlength": ""
                                    },
                                    {
                                        "key": "field_5f3118b3bc803",
                                        "label": "Paragraph",
                                        "name": "paragraph",
                                        "type": "text",
                                        "instructions": "",
                                        "required": 0,
                                        "conditional_logic": 0,
                                        "wrapper": {
                                            "width": "",
                                            "class": "",
                                            "id": ""
                                        },
                                        "default_value": "",
                                        "placeholder": "",
                                        "prepend": "",
                                        "append": "",
                                        "maxlength": ""
                                    }
                                ]
                            }
                        ],
                        "min": "",
                        "max": "1"
                    }
                },
                "button_label": "Add Row",
                "min": "",
                "max": ""
            },
            {
                "key": "field_5f311ab405f4c",
                "label": "SECTION 5",
                "name": "",
                "type": "tab",
                "instructions": "",
                "required": 0,
                "conditional_logic": 0,
                "wrapper": {
                    "width": "",
                    "class": "",
                    "id": ""
                },
                "placement": "left",
                "endpoint": 0
            },
            {
                "key": "field_5f311abc05f4d",
                "label": "Content from Home page",
                "name": "chek_5",
                "type": "true_false",
                "instructions": "",
                "required": 0,
                "conditional_logic": 0,
                "wrapper": {
                    "width": "",
                    "class": "",
                    "id": ""
                },
                "message": "",
                "default_value": 0,
                "ui": 1,
                "ui_on_text": "On",
                "ui_off_text": "Off"
            },
            {
                "key": "field_5f311acc05f4e",
                "label": "SECTION 5 ( '__section_5' )",
                "name": "__section_5",
                "type": "flexible_content",
                "instructions": "SEO text",
                "required": 0,
                "conditional_logic": 0,
                "wrapper": {
                    "width": "",
                    "class": "",
                    "id": ""
                },
                "layouts": {
                    "layout_5f30f5fa2f5f3": {
                        "key": "layout_5f30f5fa2f5f3",
                        "name": "__section_5",
                        "label": "SECTION 5",
                        "display": "block",
                        "sub_fields": [
                            {
                                "key": "field_5f311acc05f4f",
                                "label": "Title",
                                "name": "title",
                                "type": "text",
                                "instructions": "",
                                "required": 0,
                                "conditional_logic": 0,
                                "wrapper": {
                                    "width": "",
                                    "class": "",
                                    "id": ""
                                },
                                "default_value": "",
                                "placeholder": "",
                                "prepend": "",
                                "append": "",
                                "maxlength": ""
                            },
                            {
                                "key": "field_5f311acc05f50",
                                "label": "Content",
                                "name": "content",
                                "type": "textarea",
                                "instructions": "",
                                "required": 0,
                                "conditional_logic": 0,
                                "wrapper": {
                                    "width": "",
                                    "class": "",
                                    "id": ""
                                },
                                "default_value": "",
                                "placeholder": "",
                                "maxlength": "",
                                "rows": "",
                                "new_lines": ""
                            },
                            {
                                "key": "field_5f311acc05f51",
                                "label": "Box list",
                                "name": "box_list",
                                "type": "repeater",
                                "instructions": "",
                                "required": 0,
                                "conditional_logic": 0,
                                "wrapper": {
                                    "width": "",
                                    "class": "",
                                    "id": ""
                                },
                                "collapsed": "",
                                "min": 0,
                                "max": 0,
                                "layout": "block",
                                "button_label": "",
                                "sub_fields": [
                                    {
                                        "key": "field_5f311b4e05f54",
                                        "label": "Menu - Name button",
                                        "name": "menu_name",
                                        "type": "text",
                                        "instructions": "",
                                        "required": 0,
                                        "conditional_logic": 0,
                                        "wrapper": {
                                            "width": "",
                                            "class": "",
                                            "id": ""
                                        },
                                        "default_value": "",
                                        "placeholder": "",
                                        "prepend": "",
                                        "append": "",
                                        "maxlength": ""
                                    },
                                    {
                                        "key": "field_5f311acc05f52",
                                        "label": "Title",
                                        "name": "title",
                                        "type": "text",
                                        "instructions": "",
                                        "required": 0,
                                        "conditional_logic": 0,
                                        "wrapper": {
                                            "width": "",
                                            "class": "",
                                            "id": ""
                                        },
                                        "default_value": "",
                                        "placeholder": "",
                                        "prepend": "",
                                        "append": "",
                                        "maxlength": ""
                                    },
                                    {
                                        "key": "field_5f311acc05f53",
                                        "label": "Paragraph",
                                        "name": "paragraph",
                                        "type": "wysiwyg",
                                        "instructions": "",
                                        "required": 0,
                                        "conditional_logic": 0,
                                        "wrapper": {
                                            "width": "",
                                            "class": "",
                                            "id": ""
                                        },
                                        "default_value": "",
                                        "tabs": "all",
                                        "toolbar": "full",
                                        "media_upload": 1,
                                        "delay": 0
                                    }
                                ]
                            }
                        ],
                        "min": "",
                        "max": "1"
                    }
                },
                "button_label": "Add Row",
                "min": "",
                "max": ""
            },
            {
                "key": "field_5f3a64db00781",
                "label": "SECTION MAP",
                "name": "",
                "type": "tab",
                "instructions": "",
                "required": 0,
                "conditional_logic": 0,
                "wrapper": {
                    "width": "",
                    "class": "",
                    "id": ""
                },
                "placement": "left",
                "endpoint": 0
            },
            {
                "key": "field_5f3a64e700782",
                "label": "SECTION MAP ( '__section_contact_us' )",
                "name": "__section_contact_us",
                "type": "flexible_content",
                "instructions": "",
                "required": 0,
                "conditional_logic": 0,
                "wrapper": {
                    "width": "",
                    "class": "",
                    "id": ""
                },
                "layouts": {
                    "layout_5f30f5fa2f5f3": {
                        "key": "layout_5f30f5fa2f5f3",
                        "name": "__section_contact_us",
                        "label": "SECTION MAP",
                        "display": "block",
                        "sub_fields": [
                            {
                                "key": "field_5f3a64e700783",
                                "label": "Title",
                                "name": "title",
                                "type": "text",
                                "instructions": "",
                                "required": 0,
                                "conditional_logic": 0,
                                "wrapper": {
                                    "width": "",
                                    "class": "",
                                    "id": ""
                                },
                                "default_value": "",
                                "placeholder": "",
                                "prepend": "",
                                "append": "",
                                "maxlength": ""
                            },
                            {
                                "key": "field_5f3a64e700784",
                                "label": "Content",
                                "name": "content",
                                "type": "wysiwyg",
                                "instructions": "",
                                "required": 0,
                                "conditional_logic": 0,
                                "wrapper": {
                                    "width": "",
                                    "class": "",
                                    "id": ""
                                },
                                "default_value": "",
                                "tabs": "all",
                                "toolbar": "full",
                                "media_upload": 1,
                                "delay": 0
                            }
                        ],
                        "min": "",
                        "max": "1"
                    }
                },
                "button_label": "Add Row",
                "min": "",
                "max": ""
            },
            {
                "key": "field_5f3ce7b15aa3b",
                "label": "SECTION ORDER FORM",
                "name": "",
                "type": "tab",
                "instructions": "",
                "required": 0,
                "conditional_logic": 0,
                "wrapper": {
                    "width": "",
                    "class": "",
                    "id": ""
                },
                "placement": "left",
                "endpoint": 0
            },
            {
                "key": "field_5f3ce7795aa2d",
                "label": "SECTION Order Form( '__order_form' )",
                "name": "__order_form",
                "type": "flexible_content",
                "instructions": "SEO text",
                "required": 0,
                "conditional_logic": 0,
                "wrapper": {
                    "width": "",
                    "class": "",
                    "id": ""
                },
                "layouts": {
                    "layout_5f30f5fa2f5f3": {
                        "key": "layout_5f30f5fa2f5f3",
                        "name": "__order_form",
                        "label": "SECTION ORDER FORM",
                        "display": "block",
                        "sub_fields": [
                            {
                                "key": "field_5f3ce7795aa2e",
                                "label": "Title",
                                "name": "title",
                                "type": "text",
                                "instructions": "",
                                "required": 0,
                                "conditional_logic": 0,
                                "wrapper": {
                                    "width": "",
                                    "class": "",
                                    "id": ""
                                },
                                "default_value": "",
                                "placeholder": "",
                                "prepend": "",
                                "append": "",
                                "maxlength": ""
                            },
                            {
                                "key": "field_5f3ce7795aa2f",
                                "label": "Content",
                                "name": "content",
                                "type": "textarea",
                                "instructions": "",
                                "required": 0,
                                "conditional_logic": 0,
                                "wrapper": {
                                    "width": "",
                                    "class": "",
                                    "id": ""
                                },
                                "default_value": "",
                                "placeholder": "",
                                "maxlength": "",
                                "rows": "",
                                "new_lines": ""
                            }
                        ],
                        "min": "",
                        "max": "1"
                    }
                },
                "button_label": "Add Row",
                "min": "",
                "max": ""
            }
        ],
        "location": [
            [
                {
                    "param": "page_template",
                    "operator": "==",
                    "value": "template-parts\/template-home.php"
                }
            ]
        ],
        "menu_order": 0,
        "position": "normal",
        "style": "default",
        "label_placement": "top",
        "instruction_placement": "label",
        "hide_on_screen": "",
        "active": true,
        "description": ""
    }
]